Artículo,Ubicación,Cantidad
1018 BLANCA,alm/Stock/B09,36000
1018 NEGRA,alm/Stock/B09,108000
1018 TRANSPARENTE,alm/Stock/B09,6000
1037 NEGRA,alm/Stock/C09,1668
1037 TRANSPARENTE,alm/Stock/C09,15000
1323 BLANCA,alm/Stock/C09,3500
1323 NEGRA,alm/Stock/C09,12000
1330 BLANCA,alm/Stock/B06,65000
1330 NEGRA,alm/Stock/B06,10000
1330 NEGRA,alm/Stock/A04,32500
1330 YADIS NGA,alm/Stock/B09,55000
1338 YADIS NEGRA,alm/Stock/C09,6000
1344 BCA,alm/Stock/B08,27200
1344 TRIANGULAR NEGRA,alm/Stock/C15,8000
1525 BLANCA,alm/Stock/B06,18000
1525 NEGRA,alm/Stock/B06,16000
1526 BLANCA,alm/Stock/B07,21500
1538 BLANCA,alm/Stock/B08,12000
1538 BLANCA,alm/Stock/A07,18000
1538 HEXA BCA,alm/Stock/B09,18000
1538 HEXA NGA,alm/Stock/B09,48000
1538 NEGRA,alm/Stock/B08,31000
1538 YADIS AMATISTA,alm/Stock/B04,336
1538 YADIS BLANCA,alm/Stock/B04,7000
1538 YADIS MENTA,alm/Stock/B04,2223
1538 YADIS MORADO SATIN,alm/Stock/B04,500
1538 YADIS NEGRA,alm/Stock/B04,45500
1538 YADIS ORQUIDEA,alm/Stock/B04,1114
1538 YADIS ROSA GLITHER,alm/Stock/B04,500
1538 YADIS SARA,alm/Stock/B04,380
1538 YADIS TRANSPARENTE,alm/Stock/A04,9000
1538 YADIS TUTIFRUTI,alm/Stock/B04,5500
1538 YADIS VEGAS,alm/Stock/A04,900
1538 YADIS VEGAS,alm/Stock/B04,1000
1538 YADIS WATER MELON,alm/Stock/B04,1000
1838 NATURAL,alm/Stock/C09,7500
ALAMBRE DE ACERO INOXIDABLE,alm/Stock/A03,14
ALAMBRE KOLA LOKA,alm/Stock/A03,1
ALAMBRE PARA INSERTADORA,alm/Stock/D03,18
AMANECER  1264,alm/Stock/F02,1.5
AMARELO 22627,alm/Stock/F01,5
AMARILLO  AMARELO 1107,alm/Stock/F02,0.65
AMARILLO BARRADAS,alm/Stock/Pigmentos,0.1
AMARILLO NEON  22642,alm/Stock/F01,4.5
AMATISTA 02208,alm/Stock/F01,4
AZUL BARRADAS,alm/Stock/Pigmentos,0.29
AZUL NAVY 0772,alm/Stock/F02,1.6
AZUL NECTARIN 0746,alm/Stock/F02,0.9
AZUL OCEANO 0773,alm/Stock/F02,1
BALA BARRADAS,alm/Stock/B01,113048
BALA NATURAL,alm/Stock/B02,24000
BALA NEGRO PROFESIONAL PROSA,alm/Stock/B01,21207
BALA RECICLADO,alm/Stock/B01,25000
BALA UNA MARAVILLA,alm/Stock/Revision,11564
BALA UNA MARAVILLA,alm/Stock/B02,100000
Balita Negro,alm/Stock/B02,35000
BALITA ROSA,alm/Stock/Piso_De_Almacen,10000
BALITA TRANSPARENTE,alm/Stock/B02,12396
BARRIL,alm/Stock/Piso_De_Almacen,1949
BOLSA CELOFAN,alm/Stock/D15,1300
BOLSA DE EMPAQUE,alm/Stock/A15,75
BOLSA PARA BOTELLA,alm/Stock/A15,50
BOLSA PARA CITOLOGICO,alm/Stock/D03,600
BOLSA POLY BAG,alm/Stock/D15,1000
BOTELLA 1048 MINI BLANCA,alm/Stock/C15,7677
BOTELLA 1048 MINI NEGRA,alm/Stock/C15,7677
BOTELLA 1048 MINI TRANSPARENTE,alm/Stock/D15,16882
BOTELLA 1080  DL NEGRA,alm/Stock/A16,11688
BOTELLA 1080 CHOCOLATE,alm/Stock/A16,4870
BOTELLA 1080 DL Blanca,alm/Stock/A16,10714
BOTELLA 1080 DL LILA,alm/Stock/A16,5844
BOTELLA 1080 DL TRANSPARENTE,alm/Stock/B15,10714
BOTELLA 1080 DL TRANSPARENTE,alm/Stock/D15,11648
BOTELLA 1080 DLROSA 1348,alm/Stock/B15,8766
BOTELLA 1560 NEGRA,alm/Stock/A15,836
BOTELLA 1560 ROSA 1348,alm/Stock/D15,9628
BOTELLA 1560 ROSA 1348,alm/Stock/C15,218
BOTELLA 1580   LILA,alm/Stock/C16,2016
BOTELLA 1580  M HIPOALERGENICO,alm/Stock/C16,3024
BOTELLA 1580 BLANCA,alm/Stock/B16,7560
BOTELLA 1580 CARBON BLACK,alm/Stock/C16,6048
BOTELLA 1580 CHOCOLATE,alm/Stock/D16,9072
BOTELLA 1580 HUESO DE MAMEY,alm/Stock/C15,1008
BOTELLA 1580 KERATINA,alm/Stock/D16,8568
BOTELLA 1580 NARANJA ROHS 52622,alm/Stock/D16,4536
BOTELLA 1580 NEGRA,alm/Stock/B16,1512
BOTELLA 1580 ROSA SILICON,alm/Stock/D16,1008
BOTELLA 1580 ROSA SILICON,alm/Stock/C15,4032
BOTELLA 1580 TE VERDE,alm/Stock/D16,3024
BOTELLA 1580 TRASPARENTE,alm/Stock/D15,403
BOTELLA CONICA BLANCA,alm/Stock/B16,7350
BOTELLA CONICA TRANSP.,alm/Stock/B16,3675
CACAHUATE PROSA,alm/Stock/B01,44802
CAFE P/GALLETA,alm/Stock/F02,0.45
CAJA DE CARTON,alm/Stock/A01,10
CAJA DE CARTON,alm/Stock/A02,240
CAJA DE CARTON PARA CEPILLO CTILOGICO,alm/Stock/A15,1
CAOBA 92615,alm/Stock/F01,4.3
CEPILLO CACAHUATE,alm/Stock/B02,15000
CERDA  NEGRA 0.004 BARRADAS,alm/Stock/B03,0.17
CERDA NATURAL  0.0025  PINCELL,alm/Stock/Cuarentena,15.96
Cerda Natural  0.003 Citologico,alm/Stock/B03,15.08
"Cerda Natural 0.005""",alm/Stock/B03,33.3
CERDA NEGRA 0.0025 PINCEL,alm/Stock/D03,103.04
CERDA NEGRA 0.0025 PINCEL,alm/Stock/E03,66.96
CERDA NEGRA 0.005,alm/Stock/B03,0.17
CERDA NEGRA 0.00575 P/CEPILLO PROSA,alm/Stock/C03,18.01
CERDA NEGRA 0.00575 P/CEPILLO PROSA,alm/Stock/B03,110
CERDA ROSA,alm/Stock/D03,46.23
CIRUELA,alm/Stock/F01,3.4
CITOLOGICO,alm/Stock/B02,34443
CORAL CONFETI 0670,alm/Stock/F01,1.35
EC- 1013  NEGRO OJO CHICO,alm/Stock/A05,440068
EC-1013  TRANSPARENTE OJO CHICO,alm/Stock/A05,8312
EC-1013 NEGRO OJO GRNDE,alm/Stock/A05,232000
EC-1013 TRANSPARENTE OJO GRANDE,alm/Stock/A05,90208
EC-1516 NEGRO OJO GRANDE,alm/Stock/A05,126000
EC-1516 NGO. OJO CHICO PROSA NUEVO,alm/Stock/A05,46000
EC-1516 TRANSPARENE OJO GRANDE,alm/Stock/A05,90000
EC-1516 TRANSPARENTE OJO CHICO,alm/Stock/A05,105000
ESTAMBUL 02190,alm/Stock/F01,0.2
ESTEARATO,alm/Stock/Pigmentos,40
FIJADOR DE CEJA/ VST DEL NGO /V-1029 BCO / CEP. RECTO TRANS,alm/Stock/A04,2320
FLEJE,alm/Stock/A15,1
GALLETA,alm/Stock/B05,7500
GRAN BERRY 0678,alm/Stock/F02,1.45
GRAPAS COBRIZADAS,alm/Stock/D03,1
HDPE H5520,alm/Stock/Pigmentos,225
INSERTO PARA SOBRE TAPA CON ROSCA 13mm,alm/Stock/C18,1906
LDPE NA-2040,alm/Stock/Pigmentos,1000
LIMON NEON 72552,alm/Stock/F01,4.3
M -1018,alm/Stock/A14,19000
M -1319 CEJA DELGADA,alm/Stock/A14,14000
M -1324,alm/Stock/A14,54000
M -1324 PLANO,alm/Stock/A14,20000
M -1328,alm/Stock/A14,57000
M -1330  PLANO,alm/Stock/A14,17000
M -1333,alm/Stock/A14,323000
M -1524,alm/Stock/A14,12000
M -1533,alm/Stock/A04,48000
M -1533,alm/Stock/A14,3500
M -1858,alm/Stock/A14,1000
M- PELIKAN,alm/Stock/A14,42000
M-1319 CEJA GRUESAS,alm/Stock/A14,46000
M-1335,alm/Stock/A14,68000
M-1535,alm/Stock/A14,11000
M-1535 PLANO,alm/Stock/A06,180000
M-1535 PLANO,alm/Stock/A14,160600
M-DL 29,alm/Stock/C08,27000
MAMEY 0492,alm/Stock/F02,0.5
MAMEY 32537,alm/Stock/F01,4.8
MASTER BATCH AZUL PROSA,alm/Stock/Pigmentos,25
MASTER BATCH CAFE PROSA,alm/Stock/Pigmentos,25
Master Negro  T5N-900.MB,alm/Stock/Pigmentos,25
MB PROSA PP ROSA,alm/Stock/Pigmentos,24.6
MENTA 72244,alm/Stock/F01,0.3
METAL LILA  52200,alm/Stock/F01,4.2
MORADO METALICO UVA 52201,alm/Stock/F01,3.5
MORADO SATIN 0568,alm/Stock/F02,0.5
NARANJA  RAS BERRY0427,alm/Stock/F02,0.8
NARANJA BARRADAS,alm/Stock/Pigmentos,2
NARANJA PASSION FRUIT 0426,alm/Stock/F02,0.65
OPRESOR MUESTRAS,alm/Stock/A04,200
ORO 22156,alm/Stock/F01,1.8
ORQUIDEA,alm/Stock/F01,0
PALILLO BALITA ROSA,alm/Stock/Embarque,90000
PALILLO BLANCO,alm/Stock/A08,60000
PALILLO CITOLOGICO,alm/Stock/B01,102500
PALILLO LILA,alm/Stock/A08,7000
PALILLO NEGRO,alm/Stock/A08,45000
PALILLO ROSA,alm/Stock/A08,24200
PALILLO TURQUESA,alm/Stock/A08,120000
PALO DE ROSA  0639,alm/Stock/F02,1
PALO DE ROSA  0669,alm/Stock/F02,2
PC -1324 NATURAL PLANO,alm/Stock/A12,1500
PC-1018,alm/Stock/A12,1500
PC-1319 CEJA DELGADA,alm/Stock/A12,7000
PC-1319 CEJA GRUESA,alm/Stock/A12,440
PC-1324,alm/Stock/A12,8000
PC-1324 NATURAL,alm/Stock/A12,1000
PC-1324 PLANO,alm/Stock/A12,4747
PC-1328,alm/Stock/A12,500
PC-1333,alm/Stock/A12,1000
PC-1335,alm/Stock/A12,4000
PC-1524,alm/Stock/A12,7000
PC-1528,alm/Stock/A12,13000
PC-1533,alm/Stock/A12,0
PC-1535 PLANO,alm/Stock/Revision,14000
PC-1535 PLANO,alm/Stock/A12,36000
PINCEL PELIKAN,alm/Stock/B11_Cuarentena,290000
PINO BARRADAS,alm/Stock/B01,27419
PINO DELGADO,alm/Stock/B01,57266
PINO MINI,alm/Stock/B01,7456
PINO PROSA,alm/Stock/B02,140218
PINO TRANSPARENTE,alm/Stock/B02,10680
PINO TRANSPARENTE PROSA,alm/Stock/B01,4353
PINO U.M,alm/Stock/B02,92891
PINO U.M,alm/Stock/Revision,3755
PINO U.M RECICLADO,alm/Stock/B01,15000
PLATA  82157,alm/Stock/F01,2
POLIPROPILENO PROFAX,alm/Stock/Pigmentos,450
POME GRANATE  0580,alm/Stock/F02,1.5
POME GRANATE 02014,alm/Stock/F01,1.9
PP BLANCO,alm/Stock/Pigmentos,30
PP NEGRO,alm/Stock/Pigmentos,100
PP- AMARILLO KERATINA,alm/Stock/Pigmentos,43
PP- CERAMIDAS,alm/Stock/Pigmentos,25
PP- MELON,alm/Stock/Pigmentos,21.75
PP-AZUL TEJEL-TALICA,alm/Stock/Pigmentos,50
PP-AZUL TURQUESA,alm/Stock/Pigmentos,25
PP-CAFE CHOCOLATE,alm/Stock/Pigmentos,47
PP-FIUSHA,alm/Stock/Pigmentos,3
PP-GRIS ACEITE DE MINK,alm/Stock/Pigmentos,47
PP-LILA,alm/Stock/Pigmentos,52
PP-MORADO HIPOALERGENICO,alm/Stock/Pigmentos,40.3
PP-OCRE COLAGENO,alm/Stock/Pigmentos,57.95
PP-ROSA HUESO DE MAMEY,alm/Stock/Pigmentos,69.5
PP-ROSA SILICON,alm/Stock/Pigmentos,50
PP-TE VERDE,alm/Stock/Pigmentos,20
PP-VERDE ACEITE DE AGUACATE,alm/Stock/Pigmentos,50.8
PP-VERDE CARBON BLACK,alm/Stock/Pigmentos,24
PP-VERDE PISTACHE VIT.E,alm/Stock/Pigmentos,50
PP-VINO PASION,alm/Stock/Pigmentos,34
PULCERAS,alm/Stock/C08,8
PULCERAS,alm/Stock/C09,18
PUNTA LIP  GLOSS,alm/Stock/F03,45470
PVC GLOBAL BLANCO,alm/Stock/Pigmentos,875
PVC GLOBAL VIOLETA,alm/Stock/Pigmentos,2000
PVC- AZUL TURQUESA,alm/Stock/Pigmentos,30.5
PVC-AMARILLO KERATINA,alm/Stock/Pigmentos,16.1
PVC-AZUL  TEJEL-TALICA,alm/Stock/Pigmentos,50
PVC-CAFE CHOCOLATE,alm/Stock/Pigmentos,13.3
PVC-CERAMIDAS,alm/Stock/Pigmentos,25
PVC-HUESO DE MAMEY,alm/Stock/Pigmentos,76.4
PVC-LILA,alm/Stock/Pigmentos,64.8
PVC-MELON,alm/Stock/Pigmentos,25
PVC-MORADO HIPOALERGENICO,alm/Stock/Pigmentos,30.5
PVC-NEGRO,alm/Stock/Pigmentos,38.2
PVC-OCRE COLAGENO,alm/Stock/Pigmentos,19
PVC-ROSA FIUSHA ROHS,alm/Stock/Pigmentos,25
PVC-ROSA SILICON,alm/Stock/Pigmentos,25
PVC-TE VERDE LIMON,alm/Stock/Pigmentos,39.7
PVC-VERDE ACEITE DE AGUACATE,alm/Stock/Pigmentos,16
PVC-VERDE PISTACHE,alm/Stock/Pigmentos,15.4
PVC-VINO PASION,alm/Stock/Pigmentos,19.7
REBECA BLANCA,alm/Stock/B07,52500
REBECA BLANCA R-15,alm/Stock/B07,0
REBECA NEGRA,alm/Stock/A06,1000
REBECA NEGRA ROSCA 15,alm/Stock/A06,33000
REBECA ROSA ERIKA RUBIO,alm/Stock/B12,90000
REBECA ROSA ULTRA R-15,alm/Stock/A06,4500
RECTO NEGRO 5X27.5,alm/Stock/B01,2400
RECTO NEGRO 8.75 X22.25,alm/Stock/B01,8000
RECTO NEGRO 8X23,alm/Stock/B01,112995
RECTO TRANSPARENTE 6.6X25,alm/Stock/B01,21417
RED BLOOD 0592,alm/Stock/F02,0.6
ROJO SW 42490,alm/Stock/F01,3.5
ROJO V 195,alm/Stock/F02,0.6
ROSA  5627,alm/Stock/F02,1
ROSA 7270,alm/Stock/F02,0.4
ROSA BARRADAS,alm/Stock/Pigmentos,0.1
ROSA BOMBON  0688,alm/Stock/F01,3.45
ROSA BRONCEADO  02250,alm/Stock/F01,4.5
ROSA BRONCEADO 02250,alm/Stock/F01,0.5
ROSA BUGAMBILIA 0633,alm/Stock/F02,0.25
ROSA CUARZO 0677,alm/Stock/F02,1.1
ROSA E.R. 00858,alm/Stock/F01,3.2
ROSA GLITER 0592,alm/Stock/F02,0.4
ROSA GRAPE FRUIT 0645,alm/Stock/F02,0.5
ROSA LILI,alm/Stock/Pigmentos,1.8
ROSA MATE 02553,alm/Stock/F01,2.5
ROSA PARA UÑAS 52417,alm/Stock/F02,0.85
S.T.NGA DL-V 1029 BCO,alm/Stock/A04,1500
S/T  M. HIPOALERGENICO,alm/Stock/B05,976
S/T AMARILLO FLUORECENTE  1130 BALA U.M,alm/Stock/A07,500
S/T AMARILLO KERATINA,alm/Stock/B05,1000
S/T AZUL BARRADAS,alm/Stock/B05,3000
S/T AZUL NACAR #8269,alm/Stock/B05,2000
S/T AZUL PROSA,alm/Stock/B06,13000
S/T BLANCA,alm/Stock/B05,2500
S/T BLANCA,alm/Stock/B06,8000
S/T CAFE PROSA CON PINO,alm/Stock/B13,832
S/T CAFE PROSA V-1560,alm/Stock/B13,3000
S/T CAFE PROSA V/1560,alm/Stock/Piso_De_Almacen,2600
S/T DELINEADOR  NEGRA,alm/Stock/A07,36382
S/T DELINEADOR BLANCA,alm/Stock/C06,19156
S/T DELINEADOR CHOCOLATE,alm/Stock/C06,27000
S/T DELINEADOR FIUSHA 0717,alm/Stock/C06,1900
S/T DELINEADOR LILA,alm/Stock/C06,34000
S/T DELINEADOR ROSA LILI,alm/Stock/C06,8000
S/T DELINEADOR VERDE T5G-1878,alm/Stock/C06,9968
S/T DELINEADOR VIOLETA,alm/Stock/C06,7500
S/T FIUSHA,alm/Stock/B05,3976
S/T FOSFORECENTE ROSA 318,alm/Stock/B05,3976
S/T GRIS 134,alm/Stock/B05,2000
S/T GRIS OXFORD,alm/Stock/B05,2500
S/T GRIS PROSA,alm/Stock/B05,1554
S/T LILA,alm/Stock/B05,12904
S/T NARANJA BARRADAS 0342,alm/Stock/B05,400
S/T NARANJA BARRADAS V-82 NGO,alm/Stock/B05,600
S/T NARANJA V-82 C/BALA U.M,alm/Stock/A07,500
S/T NEGRA,alm/Stock/B05,14976
S/T NEGRA  V-82,alm/Stock/A04,1000
S/T NEGRA V-82 C/BALA BARRADAS,alm/Stock/A07,2802
S/T NEGRA V-82 C/PINO BARRADAS,alm/Stock/A07,200
S/T NGA DL. CON PUNTA,alm/Stock/Piso_De_Almacen,0
S/T PLATA 0194,alm/Stock/B05,4500
S/T PLATA JORGE DIAZ,alm/Stock/B05,184
S/T ROJA JORGE DIAZ,alm/Stock/B05,12500
S/T ROSA 0551,alm/Stock/B05,1000
S/T ROSA 0708 8 en 1,alm/Stock/B05,5000
S/T ROSA SILICON,alm/Stock/B05,3500
S/T VERDE BARRADAS 0550,alm/Stock/B05,3611
S/T VERDE T5G1878,alm/Stock/B05,2200
S/T YADIS BLANCA,alm/Stock/B05,3500
SATINADO SARA 0774,alm/Stock/F02,1.5
SILICON BALA,alm/Stock/F03,400899
SILICON BOLITA,alm/Stock/F03,24000
SILICON CACAHUATE,alm/Stock/B02,124225
SILICON ESPIRAL,alm/Stock/B02,46005
SILICON PEINE,alm/Stock/B02,64995
SILICON PEINE RECICLADO,alm/Stock/B02,4698
SILICON PINO,alm/Stock/F03,39462
SOFT NUDE 02192,alm/Stock/F01,3.7
ST AZUL CIELO / V-82  TRANSPARENTE CEP. PINO,alm/Stock/A04,1382
ST/NGA-CEPILLO CACAHUATE,alm/Stock/A07,3000
STEEL GREEN  72198,alm/Stock/F01,4.5
TAPON,alm/Stock/C09,16500
TAPON LILA,alm/Stock/C09,618
TAPON NARANJA,alm/Stock/C09,720
TAPON ROSA,alm/Stock/C09,1137
TAPON ROSA FIUSHA,alm/Stock/C09,70
TAPON VERDE,alm/Stock/C09,200
TR 1525 BCA / PC 24,alm/Stock/A17,2249
TR 1525 BCA / PC 28,alm/Stock/A17,3830
TR 1525 BCA / PC 33,alm/Stock/A17,10504
TR 1538 NGO / V-62/ CEP.PINO,alm/Stock/A17,1001
TR YADIS LIMON NEON / PC 35 PLANO,alm/Stock/A17,607
TR-1330 BLANCA PC-24,alm/Stock/B10,8500
TR-RBK NEGRA PC-33,alm/Stock/A06,1200
TUTIFRUTI  0173,alm/Stock/F02,1.7
TUTIFRUTI 0425,alm/Stock/F02,0.96
V - CASQUILLO NGO / CEP. BALA,alm/Stock/A04,1649
V- P/PERFORAR OJO GDE / CEP. CACAHUATE SILICON,alm/Stock/A08,2259
V- TRANSPARENTE / CEP . PINO,alm/Stock/A04,1987
V-1029  BLANCO,alm/Stock/B05,11000
V-1029 NEGRO,alm/Stock/B05,11000
V-1043 BLANCO LIP GLOSS,alm/Stock/B14,74888
V-1043 NEGRO LIP GLOSS,alm/Stock/B05,10000
V-1062 NEGRO PARA CEPILLO,alm/Stock/B05,10000
V-1070 DELINEADOR NEGRO,alm/Stock/A07,80000
V-1070 DELINEADOR NEGRO,alm/Stock/A13,52654
V-1074 BLANCO PARA GLOSS,alm/Stock/B05,9000
V-1074 NEGRO PARA GLOSS,alm/Stock/B05,10000
V-1560  NEGRO P/ PEGAR MODIFICADO,alm/Stock/A13,30000
V-1560 CEP.BALA U.M.,alm/Stock/A04,800
V-1560 PINO PROSA,alm/Stock/A08,13569
V-62 TRANSPARENTE,alm/Stock/B10,3500
V-82 BLANCO P/GLOSS,alm/Stock/A04,23000
V-82 BLANCO TRATAMIENTO NOCTURNO,alm/Stock/B06,8000
V-82 CASQUILLO NATURAL,alm/Stock/B05,4000
V-82 CASQUILLO NEGRO,alm/Stock/B05,16000
V-82 NEGRO P/ PERFORAR OJO CHICO,alm/Stock/A13,43850
V-82 NEGRO P/PERFORAR OJO GRDE,alm/Stock/B05,15949
V-82 NGO  P/PEGAR / ST LILA,alm/Stock/A04,1924
V-82 NGO CEP. PINO BARRADAS,alm/Stock/A07,5476
V-82 NGO CEP. PINO BARRADAS,alm/Stock/A04,2000
V-82 NGO CEP.BALA U.M.,alm/Stock/A04,1598
V-82 NGO. BALA BARRADAS,alm/Stock/A12,76
V-82 NGO. PINO U.M.,alm/Stock/A07,11776
V-82 NGO. PINO U.M.,alm/Stock/A04,1000
V-82 P/PEGAR MODIFICADO NEGRO,alm/Stock/A04,40976
V-82 TRANSP.C/ROSCA P/PEGAR,alm/Stock/B06,8000
V-82 TRANSPARENTE  BALA  NGO,alm/Stock/A04,500
V-82 TRANSPARENTE -BALA TRANSPARENTE,alm/Stock/A04,500
VERDE AGUA -PALILLO -,alm/Stock/Pigmentos,0.15
VERDE AQUA 0506,alm/Stock/F02,2.7
VERDE BARRADAS,alm/Stock/Pigmentos,0.3
VERDE CONVITE 52418,alm/Stock/F02,0.75
VERDE LEMONCINO  0797,alm/Stock/F02,0.35
VERDE S/T 72780,alm/Stock/F01,4.5
VINO 0893,alm/Stock/F02,1.15
VIOLETA  PEACH  0323,alm/Stock/F02,1.2
VIOLETA 51712,alm/Stock/F01,0.2
VIOLETA BLACKBERRY  0324,alm/Stock/F02,1.35
WATER MELON 0644,alm/Stock/F02,0.5
